id,Distance,Charge,SD,PPV,V,L,T,logD,logW,logSD,W2_D,sqrtW,ratio_VL,ratio_VT,ratio_LT,dominant,anomalous,sd_quartile,AF_V,AF_L,AF_T,hp_pred_resultant
1,300,1850.0,6.97,189.46,110.5,109.45,108.2,2.4771212547196626,3.2671717284030137,0.8432327780980093,11408.333333333334,43.01162633521314,1.0095934216537232,1.021256931608133,1.0115526802218116,V,1,0,0.5338914033084751,0.5288182270779421,0.5227787315654028,206.9709295097127
2,350,1850.0,8.14,149.16,86.25,85.95,86.15,2.544068044350276,3.2671717284030137,0.9106244048892012,9778.57142857143,43.01162633521314,1.0034904013961603,1.0011607661056297,0.9976784677887406,V,1,0,0.5153258568834204,0.5135334191203476,0.5147283776290628,167.36982794075462
3,400,1875.0,9.24,122.17,70.45,71.25,69.65,2.6020599913279625,3.2730012720637376,0.9656719712201068,8789.0625,43.30127018922193,0.9887719298245614,1.01148600143575,1.0229720028715004,L,1,0,0.5006588841145599,0.5063441517837104,0.4949736164454096,140.71457080921337
4,450,1950.0,10.2,104.3,60.2,60.35,60.1,2.6532125137753435,3.290034611362518,1.0086001717619175,8450.0,44.15880433163923,0.9975144987572494,1.0016638935108153,1.0041597337770385,L,1,0,0.4897889198170725,0.491009324102331,0.4889753169602335,122.91008955956708
5,500,1950.0,11.32,87.1,50.9,50.2,49.75,2.6989700043360187,3.290034611362518,1.0538464268522527,7605.0,44.15880433163923,1.0139442231075697,1.0231155778894472,1.0090452261306533,V,1,0,0.47758895218169795,0.4710209312283151,0.4667986320439975,106.57700469720073
6,550,1950.0,12.46,75.46,43.7,43.85,43.15,2.740362689494244,3.290034611362518,1.0955180423231508,6913.636363636364,44.15880433163923,0.9965792474344356,1.0127462340672075,1.0162224797219004,L,1,0,0.46757329565604655,0.46917823831848143,0.461688505893785,93.46128276783868
7,600,1950.0,13.59,68.68,39.5,40.5,38.95,2.7781512503836434,3.290034611362518,1.1332194567324942,6337.5,44.15880433163923,0.9753086419753086,1.0141206675224643,1.0397946084724004,L,1,1,0.4759523921213345,0.4880018197699759,0.4693252069145818,82.99149380035108
8,650,1875.0,15.01,56.32,32.35,32.75,32.45,2.812913356642856,3.2730012720637376,1.1763806922432705,5408.653846153846,43.30127018922193,0.9877862595419848,0.9969183359013868,1.0092449922958395,L,1,1,0.44659223765823547,0.45211424368801273,0.4479727391656798,72.43744353827428
9,700,1875.0,16.17,48.74,28.8,27.5,28.1,2.845098040014257,3.2730012720637376,1.2087100199064011,5022.321428571428,43.30127018922193,1.0472727272727274,1.0249110320284698,0.9786476868327402,V,1,1,0.4402255967146366,0.4203543024184898,0.42952566901671146,65.42100281067654
10,750,1875.0,17.32,43.62,25.75,24.95,24.85,2.8750612633917,3.2730012720637376,1.2385478876813278,4687.5,43.30127018922193,1.032064128256513,1.0362173038229376,1.004024144869215,V,1,1,0.4324104114875092,0.4189763016160526,0.4172970378821205,59.54990748585115
11,800,1912.5,18.29,40.48,23.6,22.65,23.85,2.903089986991944,3.281601443825655,1.2622137054764169,4572.0703125,43.73213921133976,1.0419426048565124,0.989517819706499,0.9496855345911948,T,1,1,0.4269922082408326,0.4098039625701211,0.4315154307857567,55.27032939835076
12,850,1912.5,19.44,36.69,21.45,21.15,20.95,2.929418925714293,3.281601443825655,1.288696260590256,4303.125,43.73213921133976,1.0141843971631206,1.0238663484486874,1.009546539379475,V,1,1,0.4218706077174603,0.4159703194976357,0.4120367940177526,50.84497380857052
13,900,1912.5,20.58,33.81,19.55,19.15,19.85,2.9542425094393248,3.281601443825655,1.3134453704264142,4064.0625,43.73213921133976,1.02088772845953,0.9848866498740554,0.964735516372796,T,1,2,0.41569075464917854,0.40718557296837693,0.4220696409097798,47.0301535007657
14,950,1900.0,21.79,31.23,17.85,18.95,17.25,2.977723605288848,3.278753600952829,1.3382572302462556,3800.0,43.58898943540674,0.941952506596306,1.0347826086956522,1.098550724637681,L,1,2,0.41041132429781607,0.43570277845622485,0.3966159856659567,43.492951931918675
15,1000,1875.0,23.09,28.21,16.25,16.85,15.75,3.0,3.2730012720637376,1.3634239329171765,3515.625,43.30127018922193,0.9643916913946586,1.031746031746032,1.06984126984127,L,1,2,0.4044619112107545,0.4193958894708439,0.39201692932734666,40.176836309148904
16,1050,2950.0,19.33,36.7,21.65,20.75,21.15,3.0211892990699383,3.469822015978163,1.286231854028553,8288.095238095239,54.31390245600108,1.0433734939759036,1.0236406619385343,0.9810874704491728,V,1,1,0.4225100910509646,0.4049461611689384,0.4127523522276167,51.241379693789376
17,1100,1800.0,25.93,22.98,13.5,13.05,13.25,3.041392685158225,3.255272505103306,1.4138025167693515,2945.454545454545,42.42640687119285,1.0344827586206895,1.018867924528302,0.9849056603773584,V,1,2,0.3938276126058491,0.38070002551898746,0.38653450866870376,34.278957513096174
18,1150,2750.0,21.93,30.99,17.65,18.75,17.25,3.060697840353612,3.439332693830263,1.341038631677523,6576.086956521739,52.44044240850758,0.9413333333333332,1.0231884057971017,1.0869565217391304,L,1,2,0.40938549480561737,0.4348996049634746,0.4001076365663966,43.113398554534754
19,1200,2150.0,25.88,23.42,13.55,13.05,13.95,3.0791812460476247,3.3324384599156054,1.4129642719966629,3852.0833333333335,46.36809247747852,1.0383141762452108,0.971326164874552,0.935483870967742,T,1,2,0.3942434327676923,0.37969570462128305,0.40588161528481975,34.36962768124112
20,1250,2050.0,27.61,21.08,12.2,11.75,12.55,3.096910013008056,3.311753861055754,1.441066406639263,3362.0,45.27692569068709,1.0382978723404257,0.9721115537848604,0.9362549800796812,T,1,3,0.3878337367096328,0.3735283939621463,0.39896011440212226,31.456778627626242
21,300,1450.0,7.88,156.95,90.85,90.75,90.25,2.4771212547196626,3.161368002234975,0.8965262174895553,7008.333333333333,38.07886552931954,1.0011019283746556,1.0066481994459833,1.005540166204986,V,1,0,0.5192218768464878,0.5186503612968494,0.5157927835486574,174.97336697710168
22,350,1450.0,9.19,100.94,71.05,71.3,70.95,2.544068044350276,3.161368002234975,0.9633155113861112,6007.142857142857,38.07886552931954,0.9964936886395512,1.0014094432699083,1.0049330514446793,L,1,0,0.501187188559747,0.5029506902788171,0.5004817878721189,141.76340022612143
23,400,1400.0,10.69,96.18,55.75,55.75,55.08,2.6020599913279625,3.146128035678238,1.028977705208778,4900.0,37.416573867739416,1.0,1.012164124909223,1.012164124909223,V,1,0,0.48366652317067577,0.48366652317067577,0.477853849259925,115.26536844958979
24,450,1450.0,11.82,82.13,47.5,47.4,47.35,2.6532125137753435,3.161368002234975,1.0726174765452363,4672.222222222223,38.07886552931954,1.0021097046413503,1.003167898627244,1.0010559662090812,V,1,0,0.4728464772232579,0.4718510109554194,0.47135327782150027,100.45543805029244
25,500,1400.0,13.36,67.64,39.05,39.15,38.95,2.6989700043360187,3.146128035678238,1.1258064581395268,3920.0,37.416573867739416,0.9974457215836526,1.0025673940949935,1.005134788189987,L,1,0,0.4596656243003094,0.46084274497713473,0.45848850362348403,84.95305703888747
26,550,1500.0,14.2,60.63,35.45,35.55,35.75,2.740362689494244,3.1760912590556813,1.1522883443830565,4090.909090909091,38.72983346207417,0.9971870604781998,0.9916083916083916,0.9944055944055944,T,1,1,0.4536076157505648,0.45488718589372573,0.4574463261800477,78.15124519314436
27,600,1200.0,17.32,45.63,25.7,25.85,27.45,2.7781512503836434,3.0791812460476247,1.2385478876813278,2400.0,34.64101615137755,0.9941972920696324,0.936247723132969,0.941712204007286,T,1,1,0.43157077962054313,0.4340896752214413,0.46095789496435446,59.54990748585115
28,650,1850.0,15.11,55.48,32.05,32.0,32.05,2.812913356642856,3.2671717284030137,1.179264464339025,5265.384615384615,43.01162633521314,1.0015625,1.0,0.998439937597504,V,1,1,0.4464899106338099,0.4457933585111363,0.4464899106338099,71.78213714729583
29,700,1850.0,16.27,49.19,28.4,28.45,28.35,2.845098040014257,3.2671717284030137,1.2113875529368587,4889.285714285715,43.01162633521314,0.9982425307557118,1.001763668430335,1.00352733686067,L,1,1,0.43778977581771567,0.43856053246528204,0.4370190191701493,64.87131853856958
30,750,950.0,24.33,25.81,14.95,14.9,14.85,2.8750612633917,2.977723605288848,1.3861421089308184,1203.3333333333333,30.822070014844883,1.0033557046979864,1.0067340067340067,1.0033670033670037,V,1,2,0.39972154073966515,0.39838467939939876,0.39704781805913225,37.401036662512
31,800,1350.0,21.77,30.8,17.8,17.7,17.85,2.903089986991944,3.130333768495006,1.3378584290410944,2278.125,36.74234614174768,1.0056497175141244,0.9971988795518208,0.991596638655462,T,1,2,0.4087476963959103,0.4064513610228996,0.4098958640824157,43.54764603433762
32,850,1250.0,24.04,26.33,15.25,15.2,15.15,2.929418925714293,3.096910013008056,1.380934463330702,1838.235294117647,35.35533905932738,1.0032894736842106,1.006600660066007,1.0033003300330032,V,1,2,0.4011058720965499,0.3997907708765612,0.39847566965657255,38.019887169164114
33,900,1250.0,25.46,23.51,13.95,13.8,12.95,2.9542425094393248,3.096910013008056,1.4058583993176366,1736.111111111111,35.35533905932738,1.0108695652173911,1.0772200772200773,1.0656370656370655,V,1,2,0.39689377075960225,0.3926260958051979,0.36844260439690674,35.14794392792193
34,950,1500.0,24.53,25.32,14.75,14.85,14.25,2.977723605288848,3.1760912590556813,1.3896975482063858,2368.4210526315787,38.72983346207417,0.9932659932659932,1.0350877192982455,1.0421052631578946,L,1,2,0.39881763573813034,0.40152148411601596,0.38529839384870224,36.98432235249765
35,1000,1500.0,25.82,23.3,13.5,13.25,13.35,3.0,3.1760912590556813,1.4119562379304016,2250.0,38.72983346207417,1.018867924528302,1.0112359550561798,0.99250936329588,V,1,2,0.3915428931335484,0.3842920988162604,0.3871924165431756,34.47898106886437
36,1050,1750.0,25.1,24.39,14.25,13.95,14.05,3.0211892990699383,3.2430380486862944,1.3996737214810382,2916.6666666666665,41.83300132670378,1.021505376344086,1.0142348754448398,0.99288256227758,V,1,2,0.3976038576384559,0.3892332501092252,0.3920234526189688,35.83969251364163
37,1100,2350.0,22.69,28.32,16.75,16.05,16.25,3.041392685158225,3.3710678622717363,1.355834495884936,5020.454545454545,48.47679857416329,1.043613707165109,1.0307692307692309,0.9876923076923078,V,1,2,0.4070541363345134,0.39004291869665314,0.3949032665931846,41.14931775618908
38,1150,1350.0,31.3,17.26,10.0,9.85,10.05,3.060697840353612,3.130333768495006,1.4955443375464486,1584.7826086956522,36.74234614174768,1.015228426395939,0.9950248756218903,0.980099502487562,T,1,3,0.37743680752892916,0.3717752554159952,0.3793239915665738,26.494501332474144
39,1200,1450.0,31.51,16.75,9.9,9.85,9.25,3.0791812460476247,3.161368002234975,1.4984484031739995,1752.0833333333333,38.07886552931954,1.0050761421319798,1.0702702702702702,1.0648648648648649,V,1,3,0.377097756807909,0.3751932226826165,0.3523388131791069,26.25313946124318
40,1250,2755.0,23.81,26.36,15.5,15.2,14.95,3.096910013008056,3.440121603187804,1.3767593954048798,6072.02,52.48809388804284,1.0197368421052633,1.0367892976588629,1.0167224080267558,V,1,2,0.40235265970253115,0.3945651888695789,0.38807562984211874,38.52341876268326
41,300,1650.0,7.39,174.16,100.75,101.05,99.85,2.4771212547196626,3.2174839442139063,0.8686444383948257,9075.0,40.62019202317981,0.9970311726867888,1.009013520280421,1.0120180270405608,L,1,0,0.5273683997086437,0.5289387274497116,0.5226574164854398,191.04292190366652
42,350,1550.0,8.89,128.35,74.9,73.45,73.95,2.544068044350276,3.1903316981702914,0.9489017609702136,6864.285714285715,39.370039370059054,1.0197413206262764,1.012846517917512,0.993238674780257,V,1,0,0.504883336931982,0.49510922693797155,0.4984796096945268,148.35110315809564
43,400,1355.0,10.89,94.17,54.3,54.95,53.85,2.6020599913279625,3.1319392952104246,1.037027879755775,4590.0625,36.81032463861192,0.9881710646041856,1.0083565459610029,1.020427112349118,L,1,0,0.4831905763044421,0.4889746255603885,0.4791862345118639,112.37801948725796
44,450,1555.0,11.22,86.63,50.25,49.75,50.05,2.6532125137753435,3.191730393362856,1.0499928569201429,5373.388888888889,39.43348830626071,1.0100502512562817,1.003996003996004,0.994005994005994,V,1,0,0.4657990086225791,0.4611641926163843,0.46394508222010117,107.87914759328275
45,500,1850.0,11.62,83.8,48.75,48.35,48.05,2.6989700043360187,3.2671717284030137,1.065206128054312,6845.0,43.01162633521314,1.0082730093071357,1.0145681581685744,1.0062434963579605,V,1,0,0.4740869454763597,0.47019700130834857,0.46727954318234016,102.82923937299368
46,550,1900.0,12.62,62.24,35.95,36.15,36.95,2.740362689494244,3.278753600952829,1.1010593549081156,6563.636363636364,43.58898943540674,0.9944674965421856,0.972936400541272,0.9783491204330176,T,1,0,0.3914271968089105,0.3936048168189739,0.4023152968592279,91.84338822923004
47,600,1400.0,16.03,50.67,29.15,29.75,28.85,2.7781512503836434,3.146128035678238,1.2049335223541449,3266.6666666666665,37.416573867739416,0.9798319327731092,1.0103986135181977,1.031195840554593,L,1,1,0.4403042197055019,0.4493670852912069,0.43577278691264937,66.20422584070855
48,650,1100.0,19.6,36.17,21.15,20.55,20.95,2.812913356642856,3.041392685158225,1.292256071356476,1861.5384615384612,33.166247903554,1.0291970802919708,1.009546539379475,0.9809069212410502,V,1,1,0.4206629864876065,0.4087292847432773,0.41668508590616343,50.27777741178357
49,700,1250.0,19.8,34.77,20.8,21.05,20.1,2.845098040014257,3.096910013008056,1.2966651902615312,2232.1428571428573,35.35533905932738,0.98812351543943,1.034825870646766,1.0472636815920398,L,1,2,0.41948997274568395,0.4245319195334926,0.4053725217398196,49.5840219108408
50,750,1500.0,19.3,36.41,21.55,20.45,21.05,2.8750612633917,3.1760912590556813,1.285557309007774,3000.0,38.72983346207417,1.0537897310513449,1.0237529691211402,0.9714964370546316,V,1,1,0.4196655090360936,0.39824406773958765,0.40992849026495454,51.35041964610577
51,800,1800.0,18.86,38.42,22.45,22.1,21.95,2.903089986991944,3.255272505103306,1.2755416884013095,4050.0,42.42640687119285,1.015837104072398,1.0227790432801822,1.0068337129840548,V,1,1,0.4236087964633645,0.41700465041605156,0.41417430211006023,52.9970108917263
52,850,1950.0,19.25,36.85,21.75,20.65,20.05,2.929418925714293,3.290034611362518,1.2844307338445196,4473.529411764706,44.15880433163923,1.053268765133172,1.084788029925187,1.0299251870324189,V,1,1,0.42205926027186247,0.40071373446500963,0.3890707203885445,51.53304771938921
53,900,1250.0,25.46,23.42,13.9,13.1,13.55,2.9542425094393248,3.096910013008056,1.4058583993176366,1736.111111111111,35.35533905932738,1.0610687022900764,1.025830258302583,0.9667896678966788,V,1,2,0.3954712124414675,0.37271027935131107,0.38551330421452407,35.14794392792193
54,950,1250.0,26.87,21.25,12.75,11.95,12.1,2.977723605288848,3.096910013008056,1.4292676664331685,1644.7368421052631,35.35533905932738,1.0669456066945606,1.0537190082644627,0.987603305785124,V,1,3,0.3905244081214637,0.3660209158471758,0.37061532064860475,32.64840746147269
55,1000,1200.0,28.88,18.62,10.75,11.05,10.45,3.0,3.0791812460476247,1.4605971888976017,1440.0,34.64101615137755,0.9728506787330315,1.028708133971292,1.0574162679425838,L,1,3,0.36343273868788184,0.37357504767452043,0.35329042970124325,29.57906334693794
56,1050,1950.0,23.78,26.58,15.5,14.55,15.95,3.0211892990699383,3.290034611362518,1.3762118502826728,3621.428571428572,44.15880433163923,1.0652920962199313,0.9717868338557994,0.9122257053291536,T,1,2,0.4016590033242396,0.37704119344307657,0.41332007116268527,38.58994787050151
57,1100,1800.0,25.93,22.73,13.05,13.55,12.75,3.041392685158225,3.255272505103306,1.4138025167693515,2945.454545454545,42.42640687119285,0.96309963099631,1.023529411764706,1.0627450980392157,L,1,2,0.38070002551898746,0.3952862333932782,0.37194830079441304,34.278957513096174
58,1150,1800.0,27.11,21.17,12.55,11.85,12.25,3.060697840353612,3.255272505103306,1.4331295175804857,2817.391304347826,42.42640687119285,1.059071729957806,1.0244897959183674,0.96734693877551,V,1,3,0.38910521668872466,0.3674021368734173,0.3798038967678786,32.253486876378005
59,1200,1800.0,28.28,19.44,11.75,10.65,11.25,3.0791812460476247,3.255272505103306,1.4514794051248618,2700.0,42.42640687119285,1.1032863849765258,1.0444444444444445,0.9466666666666668,V,1,3,0.385988930706773,0.34985379676826656,0.3695638698256337,30.44128747030367
60,1250,1950.0,28.31,18.83,10.25,11.75,10.55,3.096910013008056,3.290034611362518,1.4519398693651029,3042.0,44.15880433163923,0.8723404255319149,0.971563981042654,1.1137440758293835,L,1,3,0.33720269768637245,0.38654943393315866,0.3470720449357297,30.397147087872302
61,300,1600.0,7.5,191.01,110.44,110.42,109.98,2.4771212547196626,3.204119982655925,0.8750612633917001,8533.333333333334,40.0,1.0001811266074987,1.0041825786506635,1.0040007274049827,V,1,0,0.5898988001880668,0.5897919731688369,0.5874417787457769,187.21855335998376
62,350,1450.0,9.19,142.44,82.24,82.26,82.22,2.544068044350276,3.161368002234975,0.9633155113861112,6007.142857142857,38.07886552931954,0.99975686846584,1.0002432498175626,1.0004864996351253,L,1,0,0.5801215255053285,0.5802626056428541,0.5799804453678029,141.76340022612143
63,400,1850.0,9.3,140.0,80.85,80.81,80.83,2.6020599913279625,3.2671717284030137,0.9684829485539352,8556.25,43.01162633521314,1.000494988244029,1.0002474328838302,0.9997525671161698,V,1,0,0.5796796539548101,0.5793928612997924,0.5795362576273012,139.47358588214792
64,450,1700.0,10.91,111.06,64.1,64.15,64.12,2.6532125137753435,3.230448921378274,1.0378247505883418,6422.222222222223,41.23105625617661,0.9992205767731877,0.9996880848409232,1.0004678727386151,L,1,0,0.5718304172599031,0.5722764628271886,0.5720088354868174,112.09617058699739
65,500,1300.0,13.87,78.29,45.3,44.95,45.35,2.6989700043360187,3.113943352306837,1.1420764610732848,3380.0,36.05551275463989,1.007786429365962,0.9988974641675854,0.9911797133406836,T,1,1,0.5612887225562009,0.5569520547218815,0.5619082465325322,80.70712661693321
66,550,1750.0,13.15,84.74,48.94,48.85,48.98,2.740362689494244,3.2430380486862944,1.1189257528257768,5568.181818181818,41.83300132670378,1.001842374616172,0.999183340138832,0.9973458554512048,T,1,0,0.5637259408792488,0.5626892564763242,0.5641866895027708,86.81523494141109
67,600,1950.0,13.59,80.79,46.66,46.65,46.62,2.7781512503836434,3.290034611362518,1.1332194567324942,6337.5,44.15880433163923,1.00021436227224,1.0008580008580008,1.0006435006435006,V,1,1,0.5622262940856068,0.5621057998091203,0.5617443169796611,82.99149380035108
68,650,1800.0,15.32,68.04,39.2,39.25,39.4,2.812913356642856,3.255272505103306,1.1852587652965851,4984.615384615385,42.42640687119285,0.9987261146496816,0.9949238578680204,0.9961928934010152,T,1,1,0.5565106539969847,0.557220489014838,0.5593499940683979,70.43890304427558
69,700,1200.0,20.21,45.44,26.24,26.15,26.32,2.845098040014257,3.0791812460476247,1.305566313515304,2057.1428571428573,34.64101615137755,1.0034416826003825,0.9969604863221884,0.9935410334346504,T,1,2,0.5442571675819188,0.5423904318699381,0.5459164882147906,48.21250240319617
70,750,1150.0,22.12,39.85,23.02,22.95,23.05,2.8750612633917,3.060697840353612,1.3447851226326606,1763.3333333333333,33.91164991562634,1.003050108932462,0.998698481561822,0.9956616052060736,T,1,2,0.5402820112914596,0.5386391033509556,0.5409861146945327,42.60737821896808
71,800,1650.0,19.69,47.11,27.24,27.15,27.2,2.903089986991944,3.2174839442139063,1.2942457161381182,3403.125,40.62019202317981,1.003314917127072,1.001470588235294,0.9981617647058824,V,1,1,0.5451977566416739,0.5433964424677477,0.5443971725643734,49.96352180132544
72,850,1050.0,26.23,30.65,17.98,17.85,17.25,2.929418925714293,3.0211892990699383,1.4187982905903536,1297.0588235294117,32.4037034920393,1.007282913165266,1.04231884057971,1.0347826086956522,V,1,3,0.5328430403773544,0.5289904488729575,0.5112092573142026,33.74352039442372
73,900,1850.0,20.92,42.93,24.95,24.55,24.85,2.9542425094393248,3.2671717284030137,1.320561680195237,3802.777777777778,43.01162633521314,1.0162932790224033,1.004024144869215,0.987927565392354,V,1,2,0.5425422139438926,0.5338441423776579,0.5403676960523339,45.98720497457958
74,950,1300.0,26.35,28.87,17.86,17.65,17.95,2.977723605288848,3.113943352306837,1.4207806195485655,1778.9473684210527,36.05551275463989,1.0118980169971672,0.9949860724233984,0.9832869080779943,T,1,3,0.5326035787233577,0.5263411626241469,0.5352874713373053,33.53338338959369
75,1000,1950.0,22.65,38.37,22.25,22.05,22.15,3.0,3.290034611362518,1.3550682063488506,3802.5,44.15880433163923,1.0090702947845804,1.0045146726862304,0.9954853273137698,V,1,2,0.5394095514363245,0.5345609262548744,0.5369852388455993,41.24880610799963
76,1050,1100.0,31.66,23.55,13.69,13.45,13.65,3.0211892990699383,3.041392685158225,1.5005109105263372,1152.3809523809523,33.166247903554,1.0178438661710036,1.002930402930403,0.9853479853479852,V,1,3,0.524861781361096,0.5156604060852257,0.5233282188151176,26.083057456571627
77,1100,1250.0,31.11,24.15,14.03,13.85,13.95,3.041392685158225,3.096910013008056,1.4929000111087034,1420.4545454545455,35.35533905932738,1.0129963898916967,1.0057347670250896,0.992831541218638,V,1,3,0.5251494270947327,0.5184119433543868,0.5221549898768012,26.7162054762541
78,1150,1350.0,31.3,23.8,13.91,13.45,13.85,3.060697840353612,3.130333768495006,1.4955443375464486,1584.7826086956522,36.74234614174768,1.0342007434944238,1.004332129963899,0.9711191335740073,V,1,3,0.5250145992727404,0.5076525061264097,0.5227499784275669,26.494501332474144
79,1200,1500.0,30.98,24.29,14.12,13.9,14.05,3.0791812460476247,3.1760912590556813,1.4910814134231871,1875.0,38.72983346207417,1.0158273381294962,1.004982206405694,0.98932384341637,V,1,3,0.525497904951412,0.5173102605399877,0.5228927453659589,26.86975507791139
80,1250,1750.0,29.88,25.74,14.88,14.8,14.9,3.096910013008056,3.2430380486862944,1.475380593143361,2450.0,41.83300132670378,1.0054054054054054,0.9986577181208054,0.9932885906040269,T,1,3,0.5270491057384138,0.5242155083957342,0.5277575050740837,28.232663404584688
81,300,1500.0,7.75,182.33,105.61,104.95,105.24,2.4771212547196626,3.1760912590556813,0.8893017025063104,7500.0,38.72983346207417,1.0062887089090042,1.0035157734701634,0.9972443937666288,V,1,0,0.5899913202168321,0.5863042236223515,0.5879243115199263,179.00263339668535
82,350,1950.0,7.93,175.74,101.52,101.32,101.55,2.544068044350276,3.290034611362518,0.8992731873176038,10864.285714285714,44.15880433163923,1.0019739439399922,0.9997045790251108,0.9977351058591828,T,1,0,0.5852469553781416,0.5840939865929207,0.5854199006959248,173.46523389328112
83,400,1850.0,9.3,129.45,77.11,77.0,69.88,2.6020599913279625,3.2671717284030137,0.9684829485539352,8556.25,43.01162633521314,1.0014285714285711,1.1034630795649685,1.1018889524899829,V,1,0,0.5528645407106421,0.552075860909343,0.5010267683161673,139.47358588214792
84,450,1100.0,13.57,69.715,40.27,40.15,40.33,2.6532125137753435,3.041392685158225,1.132579847659737,2688.8888888888887,33.166247903554,1.002988792029888,0.9985122737416317,0.9955368212248946,T,1,1,0.48425340031352343,0.4828103804963487,0.4849749102221107,83.15894111208662
85,500,1050.0,15.43,55.67,32.28,31.98,32.17,2.6989700043360187,3.0211892990699383,1.1883659260631485,2205.0,32.4037034920393,1.0093808630393997,1.0034193347839602,0.9940938762822504,V,1,1,0.46277874315383566,0.4584778254665324,0.46120174000182446,69.75255557334354
86,550,1750.0,13.15,73.31,42.51,42.02,42.45,2.740362689494244,3.2430380486862944,1.1189257528257768,5568.181818181818,41.83300132670378,1.0116611137553544,1.0014134275618374,0.9898704358068317,V,1,0,0.4896605996480765,0.48401642900993125,0.48896947671279345,86.81523494141109
87,600,1200.0,17.32,45.77,26.46,26.39,26.42,2.7781512503836434,3.0791812460476247,1.2385478876813278,2400.0,34.64101615137755,1.0026525198938991,1.0015140045420137,0.9988644965934896,V,1,1,0.4443331839984269,0.4431576993846745,0.4436614785048541,59.54990748585115
88,650,1400.0,17.37,45.6,26.33,26.3,26.35,2.812913356642856,3.146128035678238,1.2397998184470986,3015.3846153846152,37.416573867739416,1.0011406844106463,0.9992409867172676,0.9981024667931688,T,1,1,0.4438979715188382,0.4433922009474153,0.44423515189978685,59.31543212488549
89,700,1700.0,16.98,47.42,27.39,27.32,27.43,2.845098040014257,3.230448921378274,1.2299376859079338,4128.571428571428,41.23105625617661,1.002562225475842,0.998541742617572,0.9959897921983232,T,1,1,0.4476380745202942,0.4464940560750068,0.44829179934617264,61.187824626741495
90,750,1350.0,20.41,34.38,19.95,19.75,19.84,2.8750612633917,3.130333768495006,1.3098430047160703,2430.0,36.74234614174768,1.010126582278481,1.0055443548387095,0.9954637096774194,V,1,2,0.41940760976869784,0.4152030222020944,0.41709508660706596,47.56709114315396
91,800,1800.0,18.86,39.54,22.86,22.84,22.79,2.903089986991944,3.255272505103306,1.2755416884013095,4050.0,42.42640687119285,1.000875656742557,1.0030715225976303,1.0021939447125934,V,1,1,0.43134508183307413,0.4309677020589419,0.4300242526236115,52.9970108917263
92,850,1300.0,23.57,26.87,15.57,15.45,15.52,2.929418925714293,3.113943352306837,1.3723595825243238,1988.235294117647,36.05551275463989,1.0077669902912625,1.003221649484536,0.9954896907216496,V,1,2,0.3986045089045507,0.3955324124968084,0.3973244687346581,39.06127415063529
93,900,1550.0,22.86,28.39,16.42,16.35,16.4,2.9542425094393248,3.1903316981702914,1.3590762260592628,2669.4444444444443,39.370039370059054,1.004281345565749,1.0012195121951222,0.9969512195121952,V,1,2,0.40313188157238083,0.4014132925522793,0.40264085613806605,40.73108764296989
94,950,1200.0,27.42,20.83,12.0,12.05,12.02,2.977723605288848,3.0791812460476247,1.4380674504534938,1515.7894736842106,34.64101615137755,0.9958506224066388,0.9983361064891848,1.002495840266223,L,1,3,0.37788758896983443,0.37946212059054213,0.3785174016181175,31.75547530606495
95,1000,1950.0,22.65,28.85,16.69,16.66,16.62,3.0,3.290034611362518,1.3550682063488506,3802.5,44.15880433163923,1.0018007202881154,1.0042117930204573,1.0024067388688327,V,1,2,0.4046177713920115,0.40389047761479396,0.40292075257850396,41.24880610799963
96,1050,1900.0,24.09,26.02,15.0,15.05,15.02,3.0211892990699383,3.278753600952829,1.3818367999983434,3438.095238095238,43.58898943540674,0.9966777408637874,0.9986684420772304,1.0019973368841546,L,1,2,0.3956538292731393,0.39697267537071645,0.3961813677121701,37.91192929323265
97,1100,1100.0,33.17,13.94,8.66,8.59,8.62,3.041392685158225,3.041392685158225,1.5207454715194824,1100.0,33.166247903554,1.0081490104772992,1.0046403712296983,0.9965197215777264,V,1,3,0.35387706295872023,0.35101662480547424,0.35224252687115104,24.471775388873365
98,1150,1400.0,30.74,15.36,8.87,8.89,8.84,3.060697840353612,3.146128035678238,1.4877038631637265,1704.3478260869565,37.416573867739416,0.997750281214848,1.003393665158371,1.005656108597285,L,1,3,0.3266159556063259,0.32735240646451386,0.3255112793190441,27.15727706423233
99,1200,1550.0,30.48,17.4,10.01,10.05,10.08,3.0791812460476247,3.1903316981702914,1.484014962667563,2002.0833333333333,39.370039370059054,0.9960199004975124,0.9930555555555556,0.9970238095238096,T,1,3,0.3643336000703928,0.3657894785921526,0.36688138748347243,27.474819775244367
100,1250,1650.0,30.77,15.01,9.85,9.79,9.81,3.096910013008056,3.2174839442139063,1.4881274962474584,2178.0,40.62019202317981,1.0061287027579162,1.0040774719673802,0.9979612640163098,V,1,3,0.3631865791674812,0.36097427513194325,0.361711709810456,27.121046219766104
101,300,1400.0,8.02,198.71,114.7,114.75,114.72,2.4771212547196626,3.146128035678238,0.9041743682841636,6533.333333333333,37.416573867739416,0.9995642701525056,0.9998256624825664,1.0002615062761506,L,1,0,0.6715196540594681,0.671812382766556,0.6716367455423032,170.80661646552858
102,350,1250.0,9.9,146.44,84.85,84.82,83.97,2.544068044350276,3.096910013008056,0.99563519459755,4464.285714285715,35.35533905932738,1.0003536901674133,1.0104799333095154,1.0101226628557818,V,1,0,0.6627052998419664,0.662470990366477,0.655832221894283,128.03579512678405
103,400,1600.0,10.0,144.37,83.63,82.98,83.45,2.6020599913279625,3.204119982655925,1.0,6400.0,40.0,1.0078332128223668,1.002156980227681,0.9943678849610544,V,1,0,0.6622231619483353,0.6570761446666611,0.6607978340857178,126.28673354455181
104,450,1150.0,13.27,96.67,55.81,55.78,55.84,2.6532125137753435,3.060697840353612,1.1228709228644356,2938.8888888888887,33.91164991562634,1.0005378271782002,0.9994627507163324,0.9989255014326648,T,1,0,0.6509017472603021,0.6505518627876662,0.651251631732938,85.74258747177863
105,500,1000.0,15.81,75.27,43.44,43.41,43.52,2.6989700043360187,3.0,1.1989318699322091,2000.0,31.622776601683796,1.0006910850034554,0.9981617647058822,0.997472426470588,T,1,1,0.6438582184590705,0.6434135649932838,0.6450439610345017,67.46826980629966
106,550,2050.0,12.15,109.62,63.32,63.25,63.3,2.740362689494244,3.311753861055754,1.084576277934331,7640.909090909091,45.27692569068709,1.0011067193675889,1.0003159557661927,0.9992101105845184,V,1,0,0.654537103046117,0.6538135149663125,0.6543303635947443,96.74012321886454
107,600,1350.0,16.33,71.75,41.48,41.35,41.44,2.7781512503836434,3.130333768495006,1.212986184736668,3037.5,36.74234614174768,1.0031438935912935,1.000965250965251,0.9978281853281854,V,1,1,0.6426491092927593,0.6406350209560173,0.642029389804531,64.54533181513172
108,650,1250.0,18.38,60.52,35.01,34.85,34.96,2.812913356642856,3.096910013008056,1.2643455070500924,2403.846153846154,35.35533905932738,1.0045911047345766,1.0014302059496567,0.9968535469107552,V,1,1,0.6377017980480404,0.6347874225071183,0.6367910556915023,54.90026860072075
109,700,1650.0,17.23,64.28,38.4,38.38,34.42,2.845098040014257,3.2174839442139063,1.2362852774480284,3889.285714285714,40.62019202317981,1.000521104742053,1.115630447414294,1.115049389889599,V,1,1,0.6402558051663146,0.6399223386011239,0.5738959586933478,59.976027847221324
110,750,1250.0,21.21,49.38,28.53,28.49,28.51,2.8750612633917,3.096910013008056,1.326540668516562,2083.333333333333,35.35533905932738,1.0014040014040015,1.0007015082427215,0.999298491757278,V,1,2,0.6321899687247292,0.6313036175593247,0.631746793142027,45.1288400819638
111,800,1900.0,18.35,60.73,35.1,35.03,35.06,2.903089986991944,3.278753600952829,1.263636068588108,4512.5,43.58898943540674,1.0019982871824151,1.0011409013120365,0.9991443240159726,V,1,1,0.637913377536058,0.636641185615046,0.6371864107240511,55.02314457736227
112,850,1350.0,23.13,43.65,25.21,25.14,25.26,2.929418925714293,3.130333768495006,1.3641756327706194,2144.1176470588234,36.74234614174768,1.0027844073190135,0.9980205859065716,0.995249406175772,T,1,2,0.6289641419790918,0.6272177123900979,0.630211591685516,40.08177623715477
113,900,1300.0,24.96,39.16,22.61,22.63,22.58,2.9542425094393248,3.113943352306837,1.3972445810103864,1877.7777777777776,36.05551275463989,0.999116217410517,1.0013286093888398,1.0022143489813995,L,1,2,0.6260539582244589,0.6266077432383682,0.6252232807035949,36.11509791284419
114,950,1700.0,23.04,43.85,25.35,25.29,25.31,2.977723605288848,3.230448921378274,1.3624824747511743,3042.1052631578946,41.23105625617661,1.0023724792408066,1.0015804030027655,0.9992097984986172,V,1,2,0.6290914003130935,0.6276024265845418,0.6280987511607257,40.296211309490985
115,1000,1550.0,25.4,38.26,22.05,22.12,22.09,3.0,3.1903316981702914,1.404833716619938,2402.5,39.370039370059054,0.9968354430379748,0.9981892258940698,1.0013580805794478,L,1,2,0.625325714738194,0.6273108757373628,0.6264600924520047,35.26162363118508
116,1050,1650.0,25.85,37.24,21.51,21.46,21.54,3.0211892990699383,3.2174839442139063,1.4124605474299614,2592.8571428571427,40.62019202317981,1.0023299161230197,0.998607242339833,0.9962859795728878,T,1,2,0.6248505916836631,0.6233981263380478,0.6257220708910322,34.42422922580772
117,1100,1500.0,28.4,32.49,18.8,18.75,18.72,3.041392685158225,3.1760912590556813,1.4533183400470375,2045.4545454545453,38.72983346207417,1.0026666666666666,1.0042735042735045,1.001602564102564,V,1,3,0.6211716110283162,0.6195195588713259,0.6185283275771318,30.265388285980443
118,1150,1250.0,32.53,26.73,15.48,15.39,15.43,3.060697840353612,3.096910013008056,1.5122840632818535,1358.695652173913,35.35533905932738,1.0058479532163742,1.0032404406999351,0.997407647440052,V,1,3,0.6159212601283374,0.6123403225694517,0.6139318503734008,25.13308275277669
119,1200,1450.0,31.51,27.95,16.2,16.08,16.13,3.0791812460476247,3.161368002234975,1.4984484031739995,1752.0833333333333,38.07886552931954,1.0074626865671643,1.004339739615623,0.9969001859888408,V,1,3,0.6170690565947602,0.6124981746940582,0.6144027088193507,26.25313946124318
120,1250,1750.0,29.88,30.26,17.48,17.42,17.51,3.096910013008056,3.2430380486862944,1.475380593143361,2450.0,41.83300132670378,1.0034443168771523,0.9982866933181038,0.9948600799543118,T,1,3,0.6191410193755023,0.6170158213684925,0.6202036183790071,28.232663404584688
121,300,1050.0,9.26,247.53,142.91,142.94,142.89,2.4771212547196626,3.0211892990699383,0.9666109866819343,3675.0,32.4037034920393,0.999790121729397,1.0001399678074043,1.0003499195185108,L,1,0,1.0186117589321793,1.0188255882846946,1.0184692060305023,140.29879269194177
122,350,1150.0,10.32,217.742,125.71,125.69,125.74,2.544068044350276,3.060697840353612,1.0136796972911926,3778.571428571429,33.91164991562634,1.0001591216485002,0.9997614124383648,0.9996023540639416,T,1,0,1.0392837334693603,1.039118387238596,1.0395317528155068,120.95830614066483
123,400,1250.0,11.31,195.31,112.8,112.72,112.77,2.6020599913279625,3.096910013008056,1.0534626049254554,3906.25,35.35533905932738,1.000709723207949,1.000266028198989,0.9995566196683516,V,1,0,1.057110266251076,1.05636054265799,1.0568291199036688,106.70599236542527
124,450,1400.0,12.03,181.15,104.95,104.91,103.89,2.6532125137753435,3.146128035678238,1.0802656273398448,4355.555555555556,37.416573867739416,1.0003812791916882,1.0102030994320916,1.0098180768120126,V,1,0,1.0702278551381887,1.0698199550504752,1.059418502813782,98.06322970957318
125,500,1450.0,13.13,163.81,94.62,94.58,94.53,2.6989700043360187,3.161368002234975,1.1182647260894794,4205.0,38.07886552931954,1.0004229223937409,1.0009520787051729,1.000528932613985,V,1,0,1.0876328536063173,1.0871730637717762,1.0865983264786003,86.99626871904785
126,550,1300.0,15.25,137.41,79.28,79.34,79.38,2.740362689494244,3.113943352306837,1.1832698436828046,3072.7272727272725,36.05551275463989,0.999243761028485,0.998740236835475,0.99949609473419,T,1,1,1.118482051660681,1.1193285315181438,1.1198928514231188,70.88178114462183
127,600,1450.0,15.76,131.94,76.31,75.95,76.26,2.7781512503836434,3.161368002234975,1.1975562131535364,3504.1666666666665,38.07886552931954,1.004739960500329,1.0006556517178076,0.9959349593495934,V,1,1,1.126157560108249,1.1208448000291116,1.1254196767639244,67.76138855087463
128,650,1350.0,17.69,115.29,66.56,66.51,66.62,2.812913356642856,3.130333768495006,1.2477278329097232,2803.846153846154,36.74234614174768,1.0007517666516312,0.999099369558691,0.9983488441909336,T,1,1,1.1505245634693093,1.149660287204684,1.15156169498686,57.85187219236238
129,700,1650.0,17.23,118.47,68.65,67.93,68.62,2.845098040014257,3.2174839442139063,1.2362852774480284,3889.285714285714,40.62019202317981,1.010599146179891,1.000437190323521,0.9899446225590208,V,1,1,1.144623985017383,1.1326191886705146,1.1441237851695967,59.976027847221324
130,750,1500.0,19.36,103.57,59.83,59.87,59.68,2.8750612633917,3.1760912590556813,1.2869053529723748,3000.0,38.72983346207417,0.9993318857524636,1.0025134048257371,1.0031836461126005,L,1,1,1.1700918078091558,1.170874085467728,1.1671582665895106,51.1327398420333
131,800,1100.0,24.12,79.86,46.17,46.1,46.05,2.903089986991944,3.041392685158225,1.3823773034681135,1512.5,33.166247903554,1.001518438177874,1.0026058631921826,1.001085776330076,V,1,2,1.2198985690544744,1.218049036894331,1.2167279424942286,37.84740893317524
132,850,1000.0,26.88,70.28,40.63,40.57,40.53,2.929418925714293,3.0,1.4294292643817876,1176.470588235294,31.622776601683796,1.0014789253142715,1.00246730816679,1.000986923266716,V,1,3,1.2451050178542709,1.2432663198215055,1.2420405211329952,32.63178560634104
133,900,1300.0,24.96,76.87,44.34,44.39,44.42,2.9542425094393248,3.113943352306837,1.3972445810103864,1877.7777777777776,36.05551275463989,0.9988736201847264,0.9981990094552003,0.9993246285457,T,1,2,1.227741375836909,1.229125838371682,1.229956515892546,36.11509791284419
134,950,1200.0,27.42,68.66,39.68,39.6,39.65,2.977723605288848,3.0791812460476247,1.4380674504534938,1515.7894736842106,34.64101615137755,1.002020202020202,1.0007566204287517,0.9987389659520808,V,1,3,1.2495482941935858,1.2470290436004536,1.2486035752211613,31.75547530606495
135,1000,1700.0,24.25,79.37,45.87,45.83,45.78,3.0,3.230448921378274,1.3847117429382825,2890.0,41.23105625617661,1.000872790748418,1.0019659239842724,1.0010921799912624,V,1,2,1.2209208245706504,1.2198561454125334,1.2185252964648872,37.57000378475047
136,1050,1600.0,26.25,72.26,41.78,41.66,41.72,3.0211892990699383,3.204119982655925,1.4191293077419758,2438.095238095238,40.0,1.0028804608737398,1.00143815915628,0.99856184084372,V,1,3,1.2394558911404305,1.2358959412376815,1.237675916189056,33.70833952110872
137,1100,1100.0,33.17,54.88,31.71,31.7,31.64,3.041392685158225,3.041392685158225,1.5207454715194824,1100.0,33.166247903554,1.0003154574132491,1.002212389380531,1.0018963337547409,V,1,3,1.2957784834204409,1.2953698493985486,1.292918045267195,24.471775388873365
138,1150,1050.0,35.49,50.59,29.27,29.15,29.21,3.060697840353612,3.0211892990699383,1.5501059993475927,958.695652173913,32.4037034920393,1.0041166380789022,1.0020540910647038,0.997945908935296,V,1,3,1.3120188145757512,1.3066398512088535,1.3093293328923024,22.309131298139672
139,1200,1350.0,32.66,55.9,32.29,32.35,32.19,3.0791812460476247,3.130333768495006,1.5140161804006491,1518.75,36.74234614174768,0.9981452859350848,1.0031065548306928,1.0049704877291086,L,1,3,1.291792799124878,1.2941931573765812,1.2877922020387063,24.996268768392873
140,1250,1250.0,35.36,50.84,29.4,29.34,29.31,3.096910013008056,3.096910013008056,1.5485122563410354,1250.0,35.35533905932738,1.0020449897750512,1.0030706243602865,1.001023541453429,V,1,3,1.3112438800853046,1.308567872166763,1.3072298682074923,22.42145831642497
141,300,1550.0,7.62,138.28,79.83,79.8,79.88,2.4771212547196626,3.1903316981702914,0.8819549713396004,8008.333333333333,39.370039370059054,1.000375939849624,0.9993740610916376,0.99899849774662,T,1,0,0.4357646261652792,0.4356008664410533,0.43603755903898916,183.19522789746048
142,350,1600.0,8.75,105.96,61.13,61.22,61.18,2.544068044350276,3.204119982655925,0.9420080530223132,7314.285714285715,40.0,0.998529892192094,0.999182739457339,1.0006538084341288,L,1,0,0.40320776478577147,0.4038013963714204,0.40353756011113195,151.60918349992346
143,400,1650.0,9.85,84.19,48.67,48.53,48.62,2.6020599913279625,3.2174839442139063,0.9934362304976116,6806.25,40.62019202317981,1.002884813517412,1.0010283833813247,0.9981489099136158,V,1,0,0.3775030293846066,0.37641713614207845,0.3771152103694179,128.9261177038507
144,450,1450.0,11.82,59.22,34.23,34.15,34.2,2.6532125137753435,3.161368002234975,1.0726174765452363,4672.222222222223,38.07886552931954,1.002342606149341,1.000877192982456,0.9985380116959064,V,1,0,0.3407481034810972,0.3399517304668265,0.34044946360074574,100.45543805029244
145,500,1950.0,11.32,64.51,37.17,37.32,37.24,2.6989700043360187,3.290034611362518,1.0538464268522527,7605.0,44.15880433163923,0.9959807073954984,0.9981203007518796,1.0021482277121374,L,1,0,0.3487619126246309,0.3501693456860701,0.3494187147199692,106.57700469720073
146,550,1750.0,13.15,48.27,27.86,27.91,27.83,2.740362689494244,3.2430380486862944,1.1189257528257768,5568.181818181818,41.83300132670378,0.9982085274095306,1.0010779734099893,1.0028745957599714,L,1,0,0.32091141628311953,0.3214873520625221,0.32056585481547795,86.81523494141109
147,600,1550.0,15.24,36.21,20.95,20.87,20.9,2.7781512503836434,3.1903316981702914,1.1829849670035817,4004.1666666666665,39.370039370059054,1.003833253473886,1.0023923444976075,0.9985645933014357,V,1,1,0.2952973318609843,0.29416970481807836,0.2945925649591681,70.94544291332281
148,650,1250.0,18.38,25.24,14.59,14.5,14.63,2.812913356642856,3.096910013008056,1.2643455070500924,2403.846153846154,35.35533905932738,1.006206896551724,0.997265892002734,0.9911141490088858,T,1,1,0.26575461963784375,0.26411528339607504,0.2664832135230743,54.90026860072075
149,700,1350.0,19.05,23.5,13.62,13.57,13.51,2.845098040014257,3.130333768495006,1.2798949800116382,2603.5714285714284,36.74234614174768,1.0036845983787763,1.008142116950407,1.004441154700222,V,1,1,0.26054554220614745,0.2595890607736726,0.2584412830547028,52.274930074311754
150,750,1450.0,19.7,22.11,12.77,12.7,12.82,2.8750612633917,3.161368002234975,1.294466226161593,2803.333333333333,38.07886552931954,1.005511811023622,0.9960998439937596,0.9906396255850232,T,1,1,0.2557641347208376,0.2543621386808643,0.25676556046367566,49.92881435052748
151,800,1450.0,21.01,19.45,11.27,11.22,11.19,2.903089986991944,3.161368002234975,1.3224260524059526,2628.125,38.07886552931954,1.0044563279857397,1.0071492403932083,1.002680965147453,V,1,2,0.24651223609747777,0.24541857045374454,0.24476237106750456,45.7178117338708
152,850,1500.0,21.95,18.0,10.36,10.42,10.39,2.929418925714293,3.1760912590556813,1.34143452457814,2647.058823529412,38.72983346207417,0.9942418426103646,0.9971126082771896,1.0028873917228105,L,1,2,0.24059650568234947,0.24198992173842487,0.2412932137103872,43.059644489092946
153,900,1600.0,22.5,17.0,9.88,9.75,9.82,2.9542425094393248,3.204119982655925,1.3521825181113625,2844.4444444444443,40.0,1.0133333333333334,1.0061099796334012,0.9928716904276984,V,1,2,0.2373538106977407,0.23423073424119145,0.23591239079471796,41.62562198161517
154,950,1350.0,25.86,13.07,7.55,7.48,7.61,2.977723605288848,3.130333768495006,1.4126285205443752,1918.421052631579,36.74234614174768,1.0093582887700534,0.9921156373193166,0.9829172141918529,T,1,2,0.21943839324346237,0.21740386509418527,0.22118227451427136,34.406012040123855
155,1000,1250.0,28.28,10.98,6.35,6.27,6.4,3.0,3.096910013008056,1.4514794051248618,1562.5,35.35533905932738,1.0127591706539074,0.9921875,0.9796875,T,1,3,0.20859827319046878,0.2059702634494865,0.21024077927858273,30.44128747030367
156,1050,1050.0,32.4,8.35,4.89,4.81,4.76,3.0211892990699383,3.0211892990699383,1.510545010206612,1050.0,32.4037034920393,1.0166320166320166,1.0273109243697478,1.0105042016806722,V,1,3,0.19350091807555547,0.19033525888413533,0.18835672188949776,25.27119792832519
157,1100,1100.0,33.17,8.0,4.67,4.55,4.63,3.041392685158225,3.041392685158225,1.5207454715194824,1100.0,33.166247903554,1.0263736263736265,1.0086393088552916,0.9827213822894167,V,1,3,0.19083208822369785,0.1859284799609904,0.1891975521361287,24.471775388873365
158,1150,1250.0,32.53,8.33,4.85,4.8,4.78,3.060697840353612,3.096910013008056,1.5122840632818535,1358.695652173913,35.35533905932738,1.0104166666666667,1.014644351464435,1.00418410041841,V,1,3,0.1929727462288395,0.19098333647390303,0.19018757257192845,25.13308275277669
159,1200,1600.0,30.0,9.75,5.67,5.59,5.62,3.0791812460476247,3.204119982655925,1.4771212547196624,2133.333333333333,40.0,1.0143112701252237,1.008896797153025,0.994661921708185,V,1,3,0.20193587376435224,0.19908669036026966,0.20015513413680064,28.078220547462358
160,1250,1750.0,29.88,9.98,5.71,5.76,5.82,3.096910013008056,3.2430380486862944,1.475380593143361,2450.0,41.83300132670378,0.9913194444444444,0.9810996563573884,0.9896907216494844,T,1,3,0.20224801033375958,0.20401900867293435,0.2061442066799441,28.232663404584688
161,300,1200.0,8.66,183.69,106.0,106.12,106.04,2.4771212547196626,3.0791812460476247,0.9375178920173468,4800.0,34.64101615137755,0.998869204673954,0.9996227838551488,1.000754432289702,L,1,0,0.6893426067031705,0.6901229945598156,0.6896027359887189,153.76969154271845
162,350,1150.0,10.32,144.06,83.21,83.12,83.19,2.544068044350276,3.060697840353612,1.0136796972911926,3778.571428571429,33.91164991562634,1.0010827718960538,1.0002404135112393,0.9991585527106625,V,1,0,0.6879229930951035,0.687178935056664,0.6877576468643393,120.95830614066483
163,400,1800.0,9.43,163.19,94.28,94.15,94.22,2.6020599913279625,3.255272505103306,0.9745116927373284,8100.0,42.42640687119285,1.0013807753584705,1.0006368074718743,0.99925705794948,V,1,0,0.6889354719913261,0.6879855185403411,0.6884970319370253,136.84881071298216
164,450,1850.0,10.46,141.31,81.66,81.58,81.52,2.6532125137753435,3.2671717284030137,1.0195316845312554,7605.555555555556,43.01162633521314,1.0009806325079675,1.0017173699705593,1.0007360157016685,V,1,0,0.6876741650834459,0.6870004700894872,0.686495198844018,118.74809923983541
165,500,1950.0,11.32,126.9,73.22,73.27,73.31,2.6989700043360187,3.290034611362518,1.0538464268522527,7605.0,44.15880433163923,0.9993175924662208,0.9987723366525711,0.9994543718455872,T,1,0,0.6870149917238492,0.6874841360776622,0.6878594515607127,106.57700469720073
166,550,1450.0,14.44,90.52,52.33,52.26,52.2,2.740362689494244,3.161368002234975,1.1595671932336202,3822.727272727273,38.07886552931954,1.0013394565633371,1.0024904214559387,1.0011494252873565,V,1,1,0.6851358065510122,0.6842193244860673,0.6834337684304002,76.37901785257772
167,600,1350.0,16.33,76.51,44.18,44.25,44.09,2.7781512503836434,3.130333768495006,1.212986184736668,3037.5,36.74234614174768,0.9984180790960452,1.0020412792016329,1.003628940802903,L,1,1,0.6844801747481704,0.68556468385257,0.6830858058996567,64.54533181513172
168,650,1450.0,17.07,71.97,41.56,41.48,41.61,2.812913356642856,3.161368002234975,1.2322335211147335,3234.6153846153848,38.07886552931954,1.0019286403085823,0.9987983657774574,0.996875751021389,T,1,1,0.6841520075624162,0.6828350643332296,0.6849750970806578,60.746733972286734
169,700,1500.0,18.07,66.52,38.4,38.35,38.46,2.845098040014257,3.1760912590556813,1.256958152560932,3214.285714285714,38.72983346207417,1.0013037809647978,0.9984399375975038,0.997139885595424,T,1,1,0.683355071330468,0.6824652860813398,0.6844228136294219,56.193334345549765
170,750,1750.0,17.93,67.26,38.83,38.79,38.88,2.8750612633917,3.2430380486862944,1.2535802895621828,4083.3333333333335,41.83300132670378,1.0010311936065996,0.9987139917695472,0.9976851851851852,T,1,1,0.683690656320935,0.6829863651477999,0.684571020287354,56.794691635763115
171,800,1650.0,19.69,59.02,34.11,33.92,34.19,2.903089986991944,3.2174839442139063,1.2942457161381182,3403.125,40.62019202317981,1.0056014150943395,0.997660134542264,0.9921029540801404,T,1,1,0.6826980719180433,0.6788952975508658,0.6842992400726443,49.96352180132544
172,850,1700.0,20.62,55.49,32.03,32.11,31.98,2.929418925714293,3.230448921378274,1.3142886609474975,3400.0,41.23105625617661,0.9975085643101838,1.0015634771732334,1.0040650406504066,L,1,2,0.6828647109324892,0.6845702737446839,0.6817987341748675,46.9053378908119
173,900,1750.0,21.51,52.42,30.2,30.32,30.27,2.9542425094393248,3.2430380486862944,1.3326404103874627,3402.777777777778,41.83300132670378,0.996042216358839,0.9976874793524942,1.001651800462504,L,1,2,0.6821829777365146,0.6848936385752028,0.6837641965590827,44.26964756611738
174,950,1600.0,23.75,45.55,26.34,26.25,26.3,2.977723605288848,3.204119982655925,1.375663613960885,2694.736842105264,40.0,1.0034285714285711,1.0015209125475284,0.9980988593155892,V,1,2,0.6813829505023342,0.6790547627443536,0.6803482003876762,38.65667607412458
175,1000,1850.0,23.25,46.77,27.13,26.85,27.02,3.0,3.2671717284030137,1.3664229572259727,3422.5,43.01162633521314,1.0104283054003724,1.0040710584752035,0.9937083641746854,V,1,2,0.6816768144885726,0.6746414474389303,0.6789129202904989,39.798918524688645
176,1050,1400.0,28.06,36.12,20.93,20.79,20.84,3.0211892990699383,3.146128035678238,1.448087666692341,1866.6666666666667,37.416573867739416,1.0067340067340067,1.0043186180422266,0.9976007677543186,V,1,3,0.6802433091622047,0.6756931866928922,0.6773182304319324,30.768402596679156
177,1100,1450.0,28.89,34.93,20.11,20.23,20.16,3.041392685158225,3.161368002234975,1.460747541844197,1911.3636363636365,38.07886552931954,0.9940682155215028,0.9975198412698412,1.0034722222222223,L,1,3,0.6801949858784966,0.684253832139333,0.6818861718205117,29.565051812352312
178,1150,1350.0,31.3,31.35,18.0,18.19,18.11,3.060697840353612,3.130333768495006,1.4955443375464486,1584.7826086956522,36.74234614174768,0.9895547003848268,0.9939260077305356,1.004417448923247,L,1,3,0.6793862535520725,0.6865575528951221,0.6835380584348907,26.494501332474144
179,1200,1800.0,28.28,35.87,20.7,20.81,20.62,3.0791812460476247,3.255272505103306,1.4514794051248618,2700.0,42.42640687119285,0.9947140797693416,1.0038797284190106,1.0092143549951502,L,1,3,0.679997520479166,0.6836110338730166,0.6773695107381837,30.44128747030367
180,1250,1950.0,28.31,35.68,20.68,20.52,20.6,3.096910013008056,3.290034611362518,1.4519398693651029,3042.0,44.15880433163923,1.0077972709551657,1.003883495145631,0.9961165048543688,V,1,3,0.6803270037223592,0.6750633518560354,0.6776951777891973,30.397147087872302
181,300,850.0,10.29,144.74,83.56,83.47,83.66,2.4771212547196626,2.929418925714293,1.012415374762433,2408.333333333333,29.154759474226505,1.001078231700012,0.9988046856323214,0.9977289027014103,T,1,0,0.6880696198898186,0.6873285204907033,0.6888930636666135,121.44119953062389
182,350,750.0,12.78,107.13,61.96,61.84,61.75,2.544068044350276,2.8750612633917,1.1065308538223813,1607.142857142857,27.386127875258307,1.0019404915912031,1.0034008097165992,1.0014574898785429,V,1,0,0.6863597469184994,0.6850304510884443,0.6840334792159029,90.2733592378886
183,400,1300.0,11.09,129.91,75.32,75.4,74.28,2.6020599913279625,3.113943352306837,1.0449315461491602,4225.0,36.05551275463989,0.9989389920424402,1.0140010770059231,1.015078082929456,L,1,0,0.6871410516055326,0.6878708880915716,0.6776531772870283,109.61359363410436
184,450,1100.0,13.57,98.97,57.05,57.22,57.15,2.6532125137753435,3.041392685158225,1.132579847659737,2688.8888888888887,33.166247903554,0.9970290108353722,0.9982502187226596,1.0012248468941385,L,1,1,0.6860356714151107,0.6880799494894414,0.6872381879294229,83.15894111208662
185,500,650.0,19.61,59.54,34.31,34.38,34.43,2.6989700043360187,2.812913356642856,1.292477593667784,845.0,25.495097567963924,0.9979639325189064,0.9965146674411852,0.998547778100494,T,1,1,0.6828853919684434,0.684278629433841,0.685273799051982,50.24269138500694
186,550,1500.0,14.2,92.78,53.57,53.48,53.65,2.740362689494244,3.1760912590556813,1.1522883443830565,4090.909090909091,38.72983346207417,1.0016828721017204,0.9985088536812676,0.9968313140726932,T,1,1,0.685465725691333,0.6843141125624881,0.6864893818058617,78.15124519314436
187,600,1750.0,14.34,91.49,52.84,52.72,52.9,2.7781512503836434,3.2430380486862944,1.1565491513317814,5104.166666666667,41.83300132670378,1.002276176024279,0.9988657844990548,0.9965973534971644,T,1,1,0.6852645211450976,0.6837082807488558,0.6860426413432184,77.10890958093493
188,650,950.0,21.09,53.94,31.04,31.15,31.24,2.812913356642856,2.977723605288848,1.3240765797394864,1388.4615384615386,30.822070014844883,0.9964686998394864,0.9935979513444302,0.9971190781049936,T,1,2,0.6824882667126707,0.6849068784825931,0.6868857426579843,45.48063536609915
189,700,1000.0,22.14,50.24,29.03,29.12,28.86,2.845098040014257,3.0,1.345177616542704,1428.571428571429,31.622776601683796,0.9969093406593408,1.005890505890506,1.0090090090090091,L,1,2,0.6821806423275283,0.6842955668128703,0.6781857849663268,42.554710876803405
190,750,1300.0,20.8,54.8,31.63,31.56,31.72,2.8750612633917,3.113943352306837,1.3180633349627615,2253.333333333333,36.05551275463989,1.0022179974651455,0.9971626733921816,0.9949558638083228,T,1,2,0.6824061654123881,0.6808959399435652,0.6843478838723033,46.35069494263072
191,800,950.0,25.96,40.48,23.31,23.42,23.38,2.903089986991944,2.977723605288848,1.4143046881283317,1128.125,30.822070014844883,0.9953031596925704,0.997005988023952,1.0017108639863133,L,1,2,0.6810859783887431,0.6843000263348076,0.6831312816271478,34.22475390720107
192,850,950.0,27.58,37.23,21.44,21.56,21.49,2.929418925714293,2.977723605288848,1.4405942618398309,1061.764705882353,30.822070014844883,0.9944341372912804,0.9976733364355516,1.003257328990228,L,1,3,0.6805567684096918,0.6843658548000445,0.6821438877390054,31.50361732512111
193,900,1200.0,25.98,40.13,23.27,23.08,23.16,2.9542425094393248,3.0791812460476247,1.414639146737009,1600.0,34.64101615137755,1.0082322357019065,1.0047495682210708,0.996545768566494,V,1,3,0.6806342343198042,0.6750768426343395,0.6774167970282194,34.18870051879628
194,950,1550.0,24.13,44.51,25.77,25.62,25.7,2.977723605288848,3.1903316981702914,1.382557321908786,2528.9473684210525,39.370039370059054,1.005854800936768,1.0027237354085603,0.996887159533074,V,1,2,0.6812784302896717,0.6773128980993942,0.6794278486008755,37.8259443632215
195,1000,850.0,34.3,27.47,15.86,15.92,15.8,3.0,2.929418925714293,1.5352941200427703,722.5,29.154759474226505,0.9962311557788944,1.0037974683544304,1.0075949367088608,L,1,3,0.6784986462296643,0.6810654759127526,0.6759318165465761,23.375138753971168
196,1050,1400.0,28.06,36.11,20.93,20.85,20.77,3.0211892990699383,3.146128035678238,1.448087666692341,1866.6666666666667,37.416573867739416,1.0038369304556354,1.0077034183919114,1.0038517091959558,V,1,3,0.6802433091622047,0.6776432391797405,0.6750431691972761,30.768402596679156
197,1100,1400.0,29.4,34.17,19.63,19.75,19.81,3.041392685158225,3.146128035678238,1.4683473304121573,1781.8181818181818,37.416573867739416,0.9939240506329112,0.9909136799596164,0.9969712266532056,T,1,3,0.6800529451834151,0.6842101715421522,0.6862887847215208,28.865399582536398
198,1150,700.0,43.47,19.69,11.44,11.29,11.38,3.060697840353612,2.845098040014257,1.638189640190837,426.0869565217391,26.457513110645905,1.0132860938883967,1.0052724077328643,0.9920913884007028,V,1,3,0.6768534327309108,0.6679786062527957,0.6733035021396648,16.901738909475363
199,1200,1600.0,30.0,33.07,19.08,19.22,18.97,3.0791812460476247,3.204119982655925,1.4771212547196624,2133.333333333333,40.0,0.9927159209157128,1.0057986294148655,1.0131787032156037,L,1,3,0.6795302418736932,0.6845163128308377,0.6756126146930796,28.078220547462358
200,1250,1000.0,39.53,22.81,13.04,13.17,13.29,3.096910013008056,3.0,1.596926814342971,800.0,31.622776601683796,0.9901290812452544,0.981188863807374,0.9909706546275396,T,1,3,0.6774447778271556,0.68419844509077,0.6904325994879523,19.248801417917264
